"Month","Quarter","Projects","Avg Fee","Revenue","Operating Expenses","Net Profit"
"Month 1","Q1","5","$1,000","$5,000","$1,050","$3,950"
"Month 2","Q1","6","$1,000","$6,000","$1,050","$4,950"
"Month 3","Q1","7","$1,000","$7,000","$1,050","$5,950"
"Month 4","Q2","10","$1,000","$10,000","$1,050","$8,950"
"Month 5","Q2","12","$1,000","$12,000","$1,050","$10,950"
"Month 6","Q2","13","$1,000","$13,000","$1,050","$11,950"
"Month 7","Q3","15","$1,000","$15,000","$1,050","$13,950"
"Month 8","Q3","17","$1,000","$17,000","$1,050","$15,950"
"Month 9","Q3","18","$1,000","$18,000","$1,050","$16,950"
"Month 10","Q4","20","$1,000","$20,000","$1,050","$18,950"
"Month 11","Q4","22","$1,000","$22,000","$1,050","$20,950"
"Month 12","Q4","23","$1,000","$23,000","$1,050","$21,950"
"Total","","","",$187,000",$12,600",$174,400"